性別,上課方式
我是帥氣的男生,同步遠距教學(現場直播)
我是帥氣的男生,同步遠距教學(現場直播)
我是帥氣的男生,同步遠距教學(現場直播)
我是帥氣的男生,同步遠距教學(現場直播)
我是帥氣的男生,同步遠距教學(現場直播)
我是帥氣的男生,同步遠距教學(現場直播)
我是帥氣的男生,同步遠距教學(現場直播)
我是帥氣的男生,同步遠距教學(現場直播)
我是帥氣的男生,同步遠距教學(現場直播)
我是帥氣的男生,同步遠距教學(現場直播)
我是帥氣的男生,同步遠距教學(現場直播)
我是帥氣的男生,同步遠距教學(現場直播)
我是帥氣的男生,同步遠距教學(現場直播)
我是帥氣的男生,同步遠距教學(現場直播)
我是帥氣的男生,同步遠距教學(現場直播)
我是帥氣的男生,同步遠距教學(現場直播)
我是帥氣的男生,同步遠距教學(現場直播)
我是帥氣的男生,同步遠距教學(現場直播)
我是帥氣的男生,同步遠距教學(現場直播)
我是帥氣的男生,同步遠距教學(現場直播)
我是帥氣的男生,同步遠距教學(現場直播)
我是帥氣的男生,非同步遠距教學(預錄影片)
我是帥氣的男生,非同步遠距教學(預錄影片)
我是帥氣的男生,非同步遠距教學(預錄影片)
我是帥氣的男生,非同步遠距教學(預錄影片)
我是帥氣的男生,非同步遠距教學(預錄影片)
我是帥氣的男生,非同步遠距教學(預錄影片)
我是帥氣的男生,非同步遠距教學(預錄影片)
我是帥氣的男生,非同步遠距教學(預錄影片)
我是帥氣的男生,非同步遠距教學(預錄影片)
我是帥氣的男生,非同步遠距教學(預錄影片)
我是帥氣的男生,非同步遠距教學(預錄影片)
我是帥氣的男生,非同步遠距教學(預錄影片)
我是帥氣的男生,非同步遠距教學(預錄影片)
我是帥氣的男生,非同步遠距教學(預錄影片)
我是帥氣的男生,非同步遠距教學(預錄影片)
我是帥氣的男生,非同步遠距教學(預錄影片)
我是帥氣的男生,非同步遠距教學(預錄影片)
我是帥氣的男生,非同步遠距教學(預錄影片)
我是帥氣的男生,非同步遠距教學(預錄影片)
我是帥氣的男生,非同步遠距教學(預錄影片)
我是帥氣的男生,非同步遠距教學(預錄影片)
我是帥氣的男生,非同步遠距教學(預錄影片)
我是帥氣的男生,非同步遠距教學(預錄影片)
我是帥氣的男生,停課
我是帥氣的男生,實體上課
我是帥氣的男生,實體上課
我是帥氣的男生,實體上課
我是帥氣的男生,實體上課
我是帥氣的男生,實體上課
我是帥氣的男生,實體上課
我是漂亮的女生,同步遠距教學(現場直播)
我是漂亮的女生,同步遠距教學(現場直播)
我是漂亮的女生,同步遠距教學(現場直播)
我是漂亮的女生,同步遠距教學(現場直播)
我是漂亮的女生,同步遠距教學(現場直播)
我是漂亮的女生,同步遠距教學(現場直播)
我是漂亮的女生,同步遠距教學(現場直播)
我是漂亮的女生,同步遠距教學(現場直播)
我是漂亮的女生,同步遠距教學(現場直播)
我是漂亮的女生,同步遠距教學(現場直播)
我是漂亮的女生,同步遠距教學(現場直播)
我是漂亮的女生,同步遠距教學(現場直播)
我是漂亮的女生,同步遠距教學(現場直播)
我是漂亮的女生,同步遠距教學(現場直播)
我是漂亮的女生,同步遠距教學(現場直播)
我是漂亮的女生,同步遠距教學(現場直播)
我是漂亮的女生,同步遠距教學(現場直播)
我是漂亮的女生,同步遠距教學(現場直播)
我是漂亮的女生,同步遠距教學(現場直播)
我是漂亮的女生,同步遠距教學(現場直播)
我是漂亮的女生,同步遠距教學(現場直播)
我是漂亮的女生,同步遠距教學(現場直播)
我是漂亮的女生,同步遠距教學(現場直播)
我是漂亮的女生,同步遠距教學(現場直播)
我是漂亮的女生,同步遠距教學(現場直播)
我是漂亮的女生,同步遠距教學(現場直播)
我是漂亮的女生,同步遠距教學(現場直播)
我是漂亮的女生,同步遠距教學(現場直播)
我是漂亮的女生,同步遠距教學(現場直播)
我是漂亮的女生,同步遠距教學(現場直播)
我是漂亮的女生,同步遠距教學(現場直播)
我是漂亮的女生,同步遠距教學(現場直播)
我是漂亮的女生,同步遠距教學(現場直播)
我是漂亮的女生,同步遠距教學(現場直播)
我是漂亮的女生,同步遠距教學(現場直播)
我是漂亮的女生,同步遠距教學(現場直播)
我是漂亮的女生,同步遠距教學(現場直播)
我是漂亮的女生,同步遠距教學(現場直播)
我是漂亮的女生,同步遠距教學(現場直播)
我是漂亮的女生,同步遠距教學(現場直播)
我是漂亮的女生,同步遠距教學(現場直播)
我是漂亮的女生,同步遠距教學(現場直播)
我是漂亮的女生,同步遠距教學(現場直播)
我是漂亮的女生,同步遠距教學(現場直播)
我是漂亮的女生,同步遠距教學(現場直播)
我是漂亮的女生,同步遠距教學(現場直播)
我是漂亮的女生,非同步遠距教學(預錄影片)
我是漂亮的女生,非同步遠距教學(預錄影片)
我是漂亮的女生,非同步遠距教學(預錄影片)
我是漂亮的女生,非同步遠距教學(預錄影片)
我是漂亮的女生,非同步遠距教學(預錄影片)
我是漂亮的女生,非同步遠距教學(預錄影片)
我是漂亮的女生,非同步遠距教學(預錄影片)
我是漂亮的女生,非同步遠距教學(預錄影片)
我是漂亮的女生,非同步遠距教學(預錄影片)
我是漂亮的女生,非同步遠距教學(預錄影片)
我是漂亮的女生,非同步遠距教學(預錄影片)
我是漂亮的女生,非同步遠距教學(預錄影片)
我是漂亮的女生,非同步遠距教學(預錄影片)
我是漂亮的女生,非同步遠距教學(預錄影片)
我是漂亮的女生,非同步遠距教學(預錄影片)
我是漂亮的女生,非同步遠距教學(預錄影片)
我是漂亮的女生,非同步遠距教學(預錄影片)
我是漂亮的女生,非同步遠距教學(預錄影片)
我是漂亮的女生,非同步遠距教學(預錄影片)
我是漂亮的女生,非同步遠距教學(預錄影片)
我是漂亮的女生,非同步遠距教學(預錄影片)
我是漂亮的女生,非同步遠距教學(預錄影片)
我是漂亮的女生,非同步遠距教學(預錄影片)
我是漂亮的女生,非同步遠距教學(預錄影片)
我是漂亮的女生,非同步遠距教學(預錄影片)
我是漂亮的女生,非同步遠距教學(預錄影片)
我是漂亮的女生,非同步遠距教學(預錄影片)
我是漂亮的女生,非同步遠距教學(預錄影片)
我是漂亮的女生,非同步遠距教學(預錄影片)
我是漂亮的女生,非同步遠距教學(預錄影片)
我是漂亮的女生,非同步遠距教學(預錄影片)
我是漂亮的女生,非同步遠距教學(預錄影片)
我是漂亮的女生,非同步遠距教學(預錄影片)
我是漂亮的女生,非同步遠距教學(預錄影片)
我是漂亮的女生,非同步遠距教學(預錄影片)
我是漂亮的女生,非同步遠距教學(預錄影片)
我是漂亮的女生,非同步遠距教學(預錄影片)
我是漂亮的女生,非同步遠距教學(預錄影片)
我是漂亮的女生,非同步遠距教學(預錄影片)
我是漂亮的女生,非同步遠距教學(預錄影片)
我是漂亮的女生,非同步遠距教學(預錄影片)
我是漂亮的女生,非同步遠距教學(預錄影片)
我是漂亮的女生,非同步遠距教學(預錄影片)
我是漂亮的女生,實體上課
我是漂亮的女生,實體上課
我是漂亮的女生,實體上課
我是漂亮的女生,實體上課
我是漂亮的女生,實體上課
我是漂亮的女生,實體上課
我是漂亮的女生,實體上課
我是漂亮的女生,實體上課
我是漂亮的女生,實體上課
我是漂亮的女生,實體上課
我是漂亮的女生,實體上課
我是漂亮的女生,實體上課
我是漂亮的女生,實體上課
